source,reference,hypothesis,chrf++,comet
"Mr. Utterson the lawyer was a man of a rugged countenance that was never lighted by a smile; cold, scanty and embarrassed in discourse; backward in sentiment; lean, long, dusty, dreary and yet somehow lovable. At friendly meetings, and when the wine was to his taste, something eminently human beaconed from his eye; something indeed which never found its way into his talk, but which spoke not only in these silent symbols of the after-dinner face, but more often and loudly in the acts of his life. He was austere with himself; drank gin when he was alone, to mortify a taste for vintages; and though he enjoyed the theatre, had not crossed the doors of one for twenty years. But he had an approved tolerance for others; sometimes wondering, almost with envy, at the high pressure of spirits involved in their misdeeds; and in any extremity inclined to help rather than to reprove. “I incline to Cain’s heresy,” he used to say quaintly: “I let my brother go to the devil in his own way.” In this character, it was frequently his fortune to be the last reputable acquaintance and the last good influence in the lives of downgoing men. And to such as these, so long as they came about his chambers, he never marked a shade of change in his demeanour.",كان مستر أَتَرْسُون المحامي رجلًا ذا وجهٍ صارِم، لم تُضِئْهُ ابتسامةٌ في يوم من الأيام، وكان حديثه باردًا مقتضَبًا يوحي بالحرج، ومشاعره رجعية، وكان جسده نحيلًا طويلًا يوحي بالوحشة والكآبة، ولكن الرجل كان — على نحوٍ ما — محبوبًا؛ ففي الاجتماعات الودية، عندما يجِدُ النبيذ ملائمًا لذوقه، يسطع من عينه ضياءٌ يقطع بنزعته الإنسانية، وهي نزعةٌ لم تكن تُفصح عن نفسها في حديثه قَط، وإنما كانت تُنطق في الرموز الصامتة في وجهه بعد تناول العَشاء، وكذلك أيضًا — وبصوتٍ أعلى وفي حالاتٍ أكثر — في أفعاله. كان يأخذ نفسه بالشدَّة، فيشرب «الجين» في وحدته حتى يقتل ميله إلى الأنْبِذة الفاخرة، وعلى الرغم من استمتاعه بالمسرح؛ فلم يدخل أيَّ مسرحٍ طيلة عشرين سنة. ولكنه كان يتقبَّل الآخرين ويتحمَّلهم قَطعًا، وإن كان يتساءل أحيانًا، بنبرات تكاد تبلغ الحسد، عن الضغوط الشديدة التي تمارسها النوازع التي تُملي فِعالهم الشائنة، ولكنه كان في الشدائد يميل إلى مساعدتهم لا إلى لومهم، وكان له تعبير طريف معتاد هو «أُدرك خطيئة قابيل وأَترُك أخي يتَّجه بأسلوبه الخاص إلى إبليس.» وقد كُتِبَ عليه في موقفه هذا أن يكون في حالاتٍ كثيرةٍ آخرَ شخصٍ ذي سمعةٍ طيِّبةٍ، وآخرَ مَن يمارِس تأثيرًا حسنًا في حياة الذين انحدروا للدرك الأسفل، ولم يكن يبدي أيَّ تغيير في مسلكه تجاه أمثالِ هؤلاء قَط، ما داموا يزورونه في مكتبه.,كان السيد أترسون المحامي رجلاً ذا وجهٍ صارم لم تُضئه ابتسامةٌ في يومٍ من الأيام؛ بارداً في حديثه، قليل الكلام، متعثّراً فيه؛ فاتر العاطفة؛ نحيلاً، طويلاً، أغبر، كئيباً، ومع ذلك محبوباً على نحوٍ ما. في اللقاءات الودية، وحين تروق له الخمر، كان يتوهّج من عينيه شيءٌ إنسانيٌّ بيّن؛ شيءٌ لم يجد سبيله قط إلى الإفصاح عنه، وإنما كانت تُنطق الرموز الصامتة في وجهه بعد تناول العشاء، بل نطق أكثر وأعلى في أفعاله. كان صارماً مع نفسه؛ يشرب الجين وحيداً ليقمع في نفسه ولعاً بالخمور المُعتّقة؛ وعلى الرغم من شغفه بالمسرح، لم يطأ عتبة مسرحٍ منذ عشرين عاماً. غير أنه كان ذا تسامحٍ مشهودٍ مع الآخرين؛ يعجب أحياناً، بل يكاد يحسد، ما في آثامهم من فورة روحٍ جيّاشة؛ وفي كل مأزقٍ كان أميل إلى العون منه إلى التوبيخ. «أميل إلى بدعة قابيل»، كان يقول في طرافةٍ: «أدع أخي يمضي إلى الشيطان على هواه». وبهذه الطبيعة، كثيراً ما قُدِّر له أن يكون آخر معارف الرجال الهابطين احتراماً، وآخر تأثيرٍ صالحٍ في حياتهم. وإلى أمثال هؤلاء، ما داموا يتردّدون على مكتبه، لم يُبدِ قط أدنى ظلٍّ من تغيّرٍ في سلوكه.,30.52,0.8292
"No doubt the feat was easy to Mr. Utterson; for he was undemonstrative at the best, and even his friendship seemed to be founded in a similar catholicity of good-nature. It is the mark of a modest man to accept his friendly circle ready-made from the hands of opportunity; and that was the lawyer’s way. His friends were those of his own blood or those whom he had known the longest; his affections, like ivy, were the growth of time, they implied no aptness in the object. Hence, no doubt the bond that united him to Mr. Richard Enfield, his distant kinsman, the well-known man about town. It was a nut to crack for many, what these two could see in each other, or what subject they could find in common. It was reported by those who encountered them in their Sunday walks, that they said nothing, looked singularly dull and would hail with obvious relief the appearance of a friend. For all that, the two men put the greatest store by these excursions, counted them the chief jewel of each week, and not only set aside occasions of pleasure, but even resisted the calls of business, that they might enjoy them uninterrupted.",ولا شكَّ أن مستر أَتَرْسُونْ كان يجِدُ هذا «الإنجاز» يسيرًا؛ إذ لم يكن يعبِّر عن مشاعره في أفضل الحالات، بل إنَّ صداقاته نفسَها كانت — فيما يبدو — تقوم على ما يماثل ذلك من طيبةٍ شاملةٍ. وإذا كان من دلائل التواضع أن يقبل المرءُ دائرةَ أصدقائه جاهزةً من أيدي الأقدار؛ فقد كان ذلك أسلوبَ ذلك المحامي، إذ إن أصدقاءه كانوا إمَّا من أقربائه وإمَّا من بين مَن عَرَفهم أطول مدةٍ ممكِنةٍ، وكانت مشاعره مثل اللَّبْلاب تنمو على مرِّ الزمن على الجدران، من دون أن تدلَّ على ملاءمة مَن يصاحبهم ويلتصق بهِم. وهكذا ولا شكَّ كانت الرابطة التي وحَّدتْ بينه وبين مستر ريتشارد إنفيلد الذي يربطه به نَسَبٌ بعيدٌ، وهو نجم من نجوم المدينة. كان يصعب على الكثير فَهْم صداقة هذين، أو إدراك ما يرى كلٌّ في صاحبه، أو أيُّ موضوعاتٍ مشترَكةٍ يمكنهما أن يعثرا عليها. وكان الذين يصادفونهما في أثناء نزهاتهما يوم الأحد يقولون إنهما لا يتكلمان، وإن مظهرهما يوحي بالملل الشديد، وأنهما كانا يرحِّبان بظهور أيِّ صديق لهما بإحساسٍ واضحٍ بانفراج الكرب! وعلى الرغم من ذلك فإنَّ هذين الرجلين كانا يُعوِّلان كثيرًا على هذه النزهات، ويعتبرانها الدُّرَّة الرئيسية لكل أسبوع، وكانا يضحِّيان في سبيلها، لا بفرصِ المتع الحقيقية فقط بل كانا يقاومان أيضًا دواعي العمل؛ حتى يستطيعا الاستمتاع بها دون مقاطعة.,ولا شك أن هذا الأمر كان هيّناً على السيد أترسون؛ فقد كان في أحسن أحواله قليل التعبير عن مشاعره، حتى إن صداقته نفسها بدت وكأنها قائمةٌ على مثل هذه السماحة الشاملة في طيب المعشر. إنها لسمة الرجل المتواضع أن يتقبّل دائرة أصدقائه جاهزةً من يد المصادفة؛ وتلك كانت طريقة المحامي. كان أصدقاؤه من أبناء دمه، أو ممن عرفهم أطول عهدٍ؛ ومودّاته، كاللبلاب، نبتت مع الزمن، لا تنطوي على استحقاقٍ في موضوعها. ومن هنا، بلا ريب، تلك الرابطة التي وصلته بالسيد ريتشارد إنفيلد، قريبه البعيد، ذلك الرجل ذائع الصيت في أوساط المدينة. كان لغزاً عسيراً على كثيرين أن يدركوا ما الذي يراه كلٌّ منهما في الآخر، أو أيّ موضوعٍ مشتركٍ قد يجدانه بينهما. وكان مَن يصادفهما في نزهاتهما يوم الأحد يروون أنهما لا ينبسان بكلمة، ويبدوان بليدين على نحوٍ غريب، ويرحّبان بظهور صديقٍ بارتياحٍ ظاهر. ومع هذا كله، كان الرجلان يُعلّقان أعظم الأهمية على هذه الجولات، ويعدّانها درّة كل أسبوع، ولم يكونا يطرحان جانباً مناسبات اللهو فحسب، بل كانا يقاومان حتى نداءات العمل، كي ينعما بها دون انقطاع.,31.59,0.8397
"It chanced on one of these rambles that their way led them down a by-street in a busy quarter of London. The street was small and what is called quiet, but it drove a thriving trade on the weekdays. The inhabitants were all doing well, it seemed, and all emulously hoping to do better still, and laying out the surplus of their gains in coquetry; so that the shop fronts stood along that thoroughfare with an air of invitation, like rows of smiling saleswomen. Even on Sunday, when it veiled its more florid charms and lay comparatively empty of passage, the street shone out in contrast to its dingy neighbourhood, like a fire in a forest; and with its freshly painted shutters, well-polished brasses, and general cleanliness and gaiety of note, instantly caught and pleased the eye of the passenger.",وتصادَف في إحدى هذه النزهات أن انعطفا في شارعٍ جانبي في حيٍّ مزدحِمٍ من أحياء لندن، وكان الشارع صغيرًا، ومن الشوارع التي نصِفُها بالهدوء، ولكنه كان يتميز في أيام الأسبوع الأخرى بالتجارة الرائجة، وكان السُّكان — فيما يبدو — من الأغنياء، ويأملون جاهدين أن يزدادوا غنًى، كما كانوا يعرِضون فائض مكاسبهم في بهرجةٍ صارخةٍ، حتى إنَّ واجهات المَحالِّ التجارية كانت تصطفُّ على طول الشارع بهيئةٍ جذَّابة مثل صفوفٍ من البائعات المبتسِمات، وحتى في يوم الأحد؛ اليوم الذي يحجب الشارع فيه أزاهيره الساحرة، ويخلو نسبيًّا من المارَّة، كان الشارع يسطع ويبدو مناقضًا للمنطقة المعتِمة التي تحيط به مثل نارٍ موقَدةٍ في غابة، وكانت عين المارِّ تجتذبها وتسرُّها من فَورِها ألوانُ مغاليق المحالِّ التي طُلِيتْ حديثًا، ومقابضها النحاسية الصفراء المصقولة اللامعة، والنظافة العامة للمكان وأجواؤه المرِحة.,واتفق في إحدى هذه الجولات أن قادتهما خطاهما إلى شارعٍ جانبيٍّ في حيٍّ صاخبٍ من أحياء لندن. كان الشارع صغيراً، ومما يُدعى هادئاً، غير أنه كان يعجّ بتجارةٍ رابحةٍ في أيام الأسبوع. كان سكانه جميعاً، فيما يبدو، في بحبوحةٍ من العيش، وكلهم يتسابقون في الأمل بأن ينالوا أكثر، ويُنفقون فائض أرباحهم في التأنّق؛ حتى إن واجهات المتاجر كانت تصطفّ على طول ذلك الطريق بهيئةٍ داعيةٍ، كصفوفٍ من بائعاتٍ باسمات. وحتى في يوم الأحد، حين كان يُسدل الحجاب على مفاتنه الأكثر تألقاً ويخلو نسبياً من المارّة، كان الشارع يتلألأ في تباينٍ مع جواره الكئيب، كنارٍ في غابة؛ وبمصاريعه المطليّة حديثاً، ونحاسه المصقول، وما يشيع فيه من نظافةٍ وبهجة، كان يخطف بصر المارّ ويسرّه في الحال.,31.96,0.7969
"Two doors from one corner, on the left hand going east the line was broken by the entry of a court; and just at that point a certain sinister block of building thrust forward its gable on the street. It was two storeys high; showed no window, nothing but a door on the lower storey and a blind forehead of discoloured wall on the upper; and bore in every feature, the marks of prolonged and sordid negligence. The door, which was equipped with neither bell nor knocker, was blistered and distained. Tramps slouched into the recess and struck matches on the panels; children kept shop upon the steps; the schoolboy had tried his knife on the mouldings; and for close on a generation, no one had appeared to drive away these random visitors or to repair their ravages.",وبعد بابين من أحد الأركان، على يسارك إن اتَّجهتَ شرقًا، يقطع انتظامَ الصفِّ مدخلُ إحدى الساحات، وفي هذا المكان تحديدًا يقف مبنًى ضخمٌ خبيثُ المنظر وقد اقتحم الشارع بسقفه الهرمي. كان المبنى يتكوَّن من طابقين، ولا تلوح فيه أيُّ نوافذ، بل مجرد بابٍ في الطابق السفلي، وجبهة مصمَتة من جدارٍ حائلِ اللون في الطابق العلوي، وكان كل ملمح من ملامحه ينطق بدلائل الإهمال البشِع الذي طال أمدُه. ولم يكن بالباب مِطرَقة ولا جرس، وكانت به خدوش، ولونه ناصِلٌ. وكان بعض المتشردين يرتمون ويتحركون، في تثاقُلٍ، في كُوَّةِ المدخل، ويُوقدون أعواد الثِّقاب بِحَكِّها في أفاريزه، وبعض الأطفال يتَّخذون دَرَج المبنى متجرًا، كما كان أحد التلاميذ قد شوَّه بمُدْيَته الحِليةَ الزخرفيةَ فيه، ولا يبدو أنَّ أحدًا حاوَل — لفترةٍ تكاد تبلُغ جيلًا كاملًا — أن يطرد هؤلاء الزُّوَّار المتطفلين أو أن يُصلِح ما أفسدوه.,وعلى مسافة بابين من إحدى الزوايا، على اليسار في اتجاه الشرق، انقطع صفّ المباني بمدخل ساحةٍ؛ وعند تلك النقطة تماماً دفعت كتلة بناءٍ كئيبة جملونها نحو الشارع. كان ارتفاعه طابقين؛ لا نافذة فيه، لا شيء سوى بابٍ في الطابق الأسفل، وجبهةٍ عمياء من جدارٍ باهت اللون في الأعلى؛ وكان يحمل في كل ملمحٍ من ملامحه آثار إهمالٍ طويلٍ دنيء. أما الباب، الذي لم يكن مزوّداً بجرسٍ ولا مطرقة، فكان متقرّحاً باهتاً ملطّخاً. كان المتشرّدون يتسلّلون متثاقلين إلى الرَّكن ويقدحون أعواد الثقاب على ألواح الباب؛ والأطفال يلعبون البيع والشراء على الدرجات؛ وتلميذ المدرسة جرّب حدّ سكينه على الزخارف البارزة؛ وطوال ما يقارب جيلاً كاملاً، لم يظهر أحدٌ ليطرد هؤلاء الزوار العابرين أو يصلح ما أحدثوه من خراب.,27.12,0.7991
"Mr. Enfield and the lawyer were on the other side of the by-street; but when they came abreast of the entry, the former lifted up his cane and pointed. “Did you ever remark that door?” he asked; and when his companion had replied in the affirmative, “It is connected in my mind,” added he, “with a very odd story.”",كان مستر إنفيلد والمحامي يسيران على الجانب الآخر من ذلك الشارع الجانبي، ولكنهما عندما واجها مدخل المبنى؛ رَفَع الأول عصاه وأشار بها قائلًا: «هل لاحظتَ هذا الباب يومًا ما؟» وعندما ردَّ صاحبه بالإيجاب؛ أضاف قائلًا: «إنه يرتبط في ذهني بقصةٍ بالغةِ الغرابة.»,كان السيد إنفيلد والمحامي على الجانب الآخر من الشارع الجانبي؛ لكن حين حاذيا المدخل، رفع الأول عصاه وأشار. «هل لاحظت ذلك الباب من قبل؟» سأل؛ وحين أجابه رفيقه بالإيجاب، أضاف: «إنه يقترن في ذهني بقصةٍ غريبةٍ جداً».,42.36,0.8671
"“Indeed?” said Mr. Utterson, with a slight change of voice, “and what was that?”",وقال مستر أترسون، وقد تغيَّرت نبرته قليلًا: «حقًّا؟ وما كانت؟»,«حقاً؟» قال السيد أترسون، مع تغيّرٍ طفيفٍ في نبرة صوته، «وما تلك القصة؟»,20.75,0.8913
"“Well, it was this way,” returned Mr. Enfield: “I was coming home from some place at the end of the world, about three o’clock of a black winter morning, and my way lay through a part of town where there was literally nothing to be seen but lamps. Street after street and all the folks asleep—street after street, all lighted up as if for a procession and all as empty as a church—till at last I got into that state of mind when a man listens and listens and begins to long for the sight of a policeman. All at once, I saw two figures: one a little man who was stumping along eastward at a good walk, and the other a girl of maybe eight or ten who was running as hard as she was able down a cross street. Well, sir, the two ran into one another naturally enough at the corner; and then came the horrible part of the thing; for the man trampled calmly over the child’s body and left her screaming on the ground. It sounds nothing to hear, but it was hellish to see. It wasn’t like a man; it was like some damned Juggernaut. I gave a few halloa, took to my heels, collared my gentleman, and brought him back to where there was already quite a group about the screaming child. He was perfectly cool and made no resistance, but gave me one look, so ugly that it brought out the sweat on me like running. The people who had turned out were the girl’s own family; and pretty soon, the doctor, for whom she had been sent, put in his appearance. Well, the child was not much the worse, more frightened, according to the Sawbones; and there you might have supposed would be an end to it. But there was one curious circumstance. I had taken a loathing to my gentleman at first sight. So had the child’s family, which was only natural. But the doctor’s case was what struck me. He was the usual cut and dry apothecary, of no particular age and colour, with a strong Edinburgh accent and about as emotional as a bagpipe. Well, sir, he was like the rest of us; every time he looked at my prisoner, I saw that Sawbones turn sick and white with the desire to kill him. I knew what was in his mind, just as he knew what was in mine; and killing being out of the question, we did the next best. We told the man we could and would make such a scandal out of this as should make his name stink from one end of London to the other. If he had any friends or any credit, we undertook that he should lose them. And all the time, as we were pitching it in red hot, we were keeping the women off him as best we could for they were as wild as harpies. I never saw a circle of such hateful faces; and there was the man in the middle, with a kind of black sneering coolness—frightened too, I could see that—but carrying it off, sir, really like Satan. ‘If you choose to make capital out of this accident,’ said he, ‘I am naturally helpless. No gentleman but wishes to avoid a scene,’ says he. ‘Name your figure.’ Well, we screwed him up to a hundred pounds for the child’s family; he would have clearly liked to stick out; but there was something about the lot of us that meant mischief, and at last he struck. The next thing was to get the money; and where do you think he carried us but to that place with the door?—whipped out a key, went in, and presently came back with the matter of ten pounds in gold and a cheque for the balance on Coutts’s, drawn payable to bearer and signed with a name that I can’t mention, though it’s one of the points of my story, but it was a name at least very well known and often printed. The figure was stiff; but the signature was good for more than that if it was only genuine. I took the liberty of pointing out to my gentleman that the whole business looked apocryphal, and that a man does not, in real life, walk into a cellar door at four in the morning and come out with another man’s cheque for close upon a hundred pounds. But he was quite easy and sneering. ‘Set your mind at rest,’ says he, ‘I will stay with you till the banks open and cash the cheque myself.’ So we all set off, the doctor, and the child’s father, and our friend and myself, and passed the rest of the night in my chambers; and next day, when we had breakfasted, went in a body to the bank. I gave in the cheque myself, and said I had every reason to believe it was a forgery. Not a bit of it. The cheque was genuine.”",وردَّ مستر إنفيلد قائلًا: «الواقع .. هذا ما حدث: كنتُ عائدًا إلى البيت من مكانٍ ما في آخر الدنيا، في نحو الثالثة من صباح يومِ شتاءٍ حالِك، وكان طريقي يمرُّ بقِسم في المدينة لم يكن فيه ما يُرى — من دون مبالغة — إلا المصابيح. قطعتُ شارعًا من بعد شارع والجميع نائمون، شارعًا من بعد شارع والمصابيح مُضَاءةٌ فيها كأنما هي في موكب، وجميعها خالية مثل الكنيسة، حتى انتابتني أخيرًا الحالةُ التي يُرهِف المرءُ فيها السمعَ ويبدأ التشوقَ إلى رؤية رجل من رجال الشُّرطة. وفجأةً شاهدت شخصين؛ أحدهما رجلٌ ضئيلُ الحجم يدقُّ الأرض بأقدامه في سيره المسرِع في اتجاه الشرق، والآخر فتاة في الثامنة أو العاشرة من عمرها تجري بأقصى سرعة لها في شارعٍ يتقاطع من هذا الشارع. والواقع يا سيدي أنَّ الاثنين تصادما عند التقاطع، وهو أمرٌ طبيعي، ثم جاء الجانب المفزِع للحادث؛ إذ وطئ الرجل بهدوء جسد الطفلة، وتركها تصرخ على الأرض. لن تشعر بشيء عند سماع ما أرويه، ولكن مشاهدتي له كانت جحيمًا؛ فلم يكن الرجل يشبه البَشَر بل يشبه معبودًا هنديًّا لعينًا وصِحتُ صيحة الصياد حين يشاهد الثعلب، وانطلقتُ أعْدُو خلفه حتى أدركتُه وأطبقتُ على رقبته وعُدتُ به إلى موقع الفتاة الصارخة حيث اجتمع حولها عددٌ كبيرٌ من الناس. كان الرجل يتميز بالهدوء الشديد، ولم يُبدِ أدنى مقاومة، ولكنه نظَرَ إليَّ نظرةً واحدةً، بَلَغ من قبحها أن جعلت العَرَق يَتفَصَّد من جبيني. واتَّضح أن الناس الذين تجمعوا كانوا من أفراد أسرة الفتاة، وسرعان ما ظهر الطبيب الذي أرسلوها إليه، وقال إنها لم تُصَب بأذًى جسيمٍ بل برعبٍ شديدٍ، ولك أن تفترض أنَّ القصة تنتهي هنا، ولكن حَدَث أمرٌ عجيبٌ؛ إذ كنتُ أضمرت الكراهية للرجل منذ أن رأيتُه، وبذلك أيضًا شعرتْ أسرة الفتاة، وهو أمرٌ طبيعيٌّ ولا شكَّ، ولكن منظر الطبيب هو الذي لَفَت انتباهي؛ كانت له الهيئة المعتادة للصيدلاني، ويصعُب تحديد سنِّه أو لونه، ويتحدث باللهجة الاسكتلندية المتميزة لسكان إدنبره، تشيع فيها اللحون مثل موسيقى القِرَب. لم يكن يختلف عنَّا، فكان كلما نَظَر إلى الرجل الذي قبضتُ عليه رأيتُ التقزُّز والشحوب في وجهه، كأنما كان يرغب في قتله. كنتُ أدرك ما يجول بخاطره مثلما يدرك ما جال بخاطري. ولمَّا كان القتل مستبعَدًا؛ فقد فَعَلنا ما يلي: القتل رعبًا؛ إذ قلنا للرجل إننا نستطيع أن نثير فضيحةً كبرى، بل سوف نثيرها فعلًا حتى تسوء سمعته في لندن من أقصاها لأقصاها، فإذا كان له أصدقاء أو كان يتمتع بأيِّ مصداقية فقد تعهَّدنا بأن يفقد هذا وذاك. وكنا طول الوقت نتوعَّده بأشدِّ النَّكال. ولكننا بذلنا قُصارى جهدنا حتى ننجيه من النساء اللاتي كُنَّ قد توحَّشن فأصبحن كالغِيلان ولم أشهد في حياتي حلقةً من وجوهٍ تنضح بمثل هذه الكراهية، وفي وسطها ذلك الراجل الذي يتَّسم ببرودٍ أسودَ ساخر، وإن كنتُ أدرك أنه كان خائفًا هو الآخر، ولكنه كان يُخفي خوفه ويبدو — في الواقع يا سيدي — مثل إبليس نفسه. وعندها قال: «إذا اخترتم استغلال ما حَدَث؛ فلن أستطيع بطبيعة الحال منعكم، وإن كان كل سيدٍ محترمٍ يفضِّل أن يتجنب الفضيحة.» ثم قال: «حدِّدُوا قيمة الغرامة.» وظللنا نضغط عليه حتى وصلنا إلى مائة جنيه لأسرة الفتاة، وكان من الواضح أنه يريد أن يتملَّص من الدفع، ولكنه أدرك من موقفنا أننا مصمِّمون على إيذائه فأذعن أخيرًا. كانت الخطوة التالية الحصول على النقود، وأين تظنُّ أنه اقتادنا؟ لقد مضى بنا إلى ذلك المبنى الذي وصفتُ بابه، وأخرج من جيبه مفتاحًا ففَتَحه، وسرعان ما عاد وفي يده عشرة جنيهاتٍ ذهبيةٍ، وشيكٌ مصرفيٌّ على بنك كوتس يُصرف لحامِله، وعليه توقيعٌ باسمٍ لشخصٍ لا أستطيع أن أذكره، وإن كان يمثِّل رُكنًا من أركان قصتي، ولكنه كان اسمًا أقل ما يُقال عنه إنه كان شهيرًا ويتردد كثيرًا في الصحف. كان المبلغ باهظًا، ولكن التوقيع كان يضمن مبلغًا أكبر، لو لم يكن مُزوَّرًا. وسمحتُ لنفسي أن أبيِّن لذلك «السيد المحترم» أنَّ ما فعله كله يثير الشك فالإنسان لا يدخل — في الحياة التي نعيشها — من باب قَبْوٍ في الرابعة صباحًا ويخرج منه حاملًا شيكًا مصرفيًّا عليه توقيع رجلٍ آخر بمبلغ يقترب من مائة جنيه. ولكن الرجل بدا مُطمئِنًّا، وقال في استهزاء: «اطمئنوا؛ فسوف أبقى معكم حتى تفتح البنوك أبوابها، وأصرف الشيك بنفسي.» وهكذا انطلقنا جميعًا — الطبيب، ووالد الفتاة، وصديقي، وأنا — فقضينا بقية الليلة في منزلي، وفي الصباح خرجنا بعد الإفطار إلى البنك جميعًا. وقدَّمت الشيك بنفسي، وقلتُ للصرَّاف: إنني أعتقد جازمًا أنَّ فيه تزويرًا. ولكن ظنِّي خاب؛ كان الشيك المصرفي صحيحًا.»,«حسناً، كان الأمر على هذا النحو»، أجاب السيد إنفيلد: «كنت عائداً إلى البيت من مكانٍ في أقصى الأرض، نحو الساعة الثالثة من صباح شتاءٍ حالكٍ، وكان طريقي يمرّ بجزءٍ من المدينة لا يُرى فيه حرفياً شيءٌ سوى المصابيح. شارعٌ بعد شارع، والناس جميعاً نيام — شارعٌ بعد شارع، كلها مضاءةٌ كأنها مهيّأةٌ لموكب، وكلها خاليةٌ كخلوّ كنيسة — حتى بلغتُ أخيراً تلك الحالة الذهنية التي يظلّ فيها المرء يُصغي ويُصغي، ويبدأ يتوق إلى رؤية شرطي. فجأةً لمحتُ شخصين: أحدهما رجلٌ قصيرٌ يمضي نحو الشرق بخطوٍ ثقيلٍ حثيث، والآخر فتاةٌ في الثامنة أو العاشرة ربما، تعدو بأقصى ما تستطيع في شارعٍ متقاطع. حسنٌ يا سيدي، اصطدم الاثنان عند المنعطف كما هو متوقَّعٌ تمامًا؛ ثم جاء الجزء المروِّع من الحكاية؛ فقد داس الرجل بهدوءٍ على جسد الطفلة، وتركها تصرخ على الأرض. قد لا يبدو الأمر شيئًا يُذكر حين تسمعه، لكنه كان جحيمًا أن تراه. لم يكن كإنسان؛ بل كان أشبه بمركبةٍ جهنميةٍ لعينةٍ تسحق كل ما تحتها. أطلقتُ بضع صيحات، ثم انطلقتُ راكضًا، فأمسكتُ بتلابيب صاحبي، وأعدته إلى حيث كان قد تجمهر جمعٌ غفيرٌ حول الطفلة الصارخة. كان في غاية البرود، لم يُبدِ أدنى مقاومة، لكنه رماني بنظرةٍ واحدةٍ من القبح بحيث تصبّب مني العرق كأنني كنت أعدو. كان الذين تجمهروا هم أهل الفتاة أنفسهم؛ وسرعان ما ظهر الطبيب الذي أُرسل في طلبه. حسنٌ، لم يُصب الطفلة أذًى بالغ، بل كانت مذعورةً أكثر منها متألمة، على حدّ قول الجرّاح؛ وهنا كنت تظن أن الأمر قد انتهى. غير أن ثمة ملابسةً واحدةً غريبة. كنت قد نفرتُ من صاحبي نفورًا شديدًا منذ النظرة الأولى. وكذلك فعل أهل الطفلة، وهو أمرٌ طبيعيٌّ لا غرابة فيه. غير أن حال الطبيب هو ما استرعى انتباهي. كان صيدلانيًّا نمطيًّا جافًّا كسائر الصيادلة، لا عمر له معيّنٌ ولا لون، بلكنةٍ إدنبرةٍ قوية، وقلبٍ خِلوٍ من العاطفة كمزمار القِرَب. حسنٌ يا سيدي، كان كسائرنا؛ ففي كل مرةٍ ينظر فيها إلى أسيري، كنت أرى ذلك الجرّاح يصفرّ ويعتلّ من فرط رغبته في قتله. كنت أعرف ما يدور في خَلَده، كما كان يعرف ما يدور في خَلَدي؛ ولمّا كان القتل أمرًا مستحيلًا، فعلنا خير ما يليه. أخبرنا الرجل أننا قادرون على أن نصنع من هذه الحادثة فضيحةً — بل عازمون على ذلك — تجعل اسمه ينتن من أقصى لندن إلى أقصاها. وإن كان له أصدقاء أو جاهٌ ومكانة، تعهّدنا بأن نفقده إياها. وطَوال ذلك، بينما كنا نصبّ عليه اللوم كالجمر المحمّى، كنا نُبعد عنه النساء بأقصى ما نستطيع، فقد كنّ ضارياتٍ كالهاربيات. لم يسبق لي أن رأيت حلقةً من الوجوه الكريهة كهذه؛ وكان الرجل في وسطها، يتّشح ببرودٍ أسودَ ساخر — وكان خائفًا أيضًا، أدركتُ ذلك — لكنه كان يتماسك، يا سيدي، حقًّا كالشيطان. «إن شئتم أن تستغلّوا هذه الحادثة لمصلحتكم»، قال، «فلا حيلة لي بطبيعة الحال. «وما من رجلٍ نبيلٍ إلا ويودّ أن يتجنّب فضيحةً علنية»، يقول. «حدِّدوا المبلغ الذي تريدون». حسنٌ، ضغطنا عليه حتى بلغنا مئة جنيهٍ لأهل الطفلة؛ وكان جليًّا أنه ودّ لو يعاند ويمانع؛ لكن كان في هيئتنا جميعًا ما ينذر بالشر، فرضخ في النهاية. ثم كان علينا أن نحصل على المال؛ وإلى أين تظنّه اقتادنا إلا إلى ذلك المكان ذي الباب؟ — أخرج مفتاحًا بحركةٍ خاطفة، ودلف إلى الداخل، وعاد بعد قليلٍ بنحو عشرة جنيهاتٍ ذهبًا، وشيكٍ بباقي المبلغ مسحوبٍ على مصرف كوتس، محرَّرٍ لحامله، وموقَّعٍ باسمٍ لا أستطيع ذكره، وإن كان من صميم حكايتي، لكنه كان على الأقل اسمًا ذائع الصيت كثيرًا ما تراه مطبوعًا. كان المبلغ باهظًا؛ غير أن التوقيع كان يضمن أكثر من ذلك بكثير، لو كان صحيحًا فحسب. سمحتُ لنفسي بأن أنبّه صاحبي إلى أن المسألة برمّتها تبدو مريبةً مشكوكًا في صحتها، وأن المرء، في واقع الحياة، لا يدلف من باب قبوٍ في الرابعة صباحًا ليخرج بشيكٍ لرجلٍ آخر يقارب المئة جنيه. غير أنه ظل في غاية اللامبالاة والسخرية. «أرِح بالك»، يقول، «سأبقى معكم حتى تفتح المصارف أبوابها، وأصرف الشيك بنفسي». فانطلقنا جميعًا — الطبيب، ووالد الطفلة، وصاحبنا هذا، وأنا — وقضينا بقية الليل في مسكني؛ وفي اليوم التالي، بعد أن تناولنا الفطور، توجّهنا جماعةً واحدةً إلى المصرف. قدّمتُ الشيك بنفسي، وقلت إن لديّ كل ما يدعوني إلى الاعتقاد بأنه مزوَّر. لا، ليس البتة. كان الشيك صحيحًا.»,37.96,0.8571
“Tut-tut!” said Mr. Utterson.,وقال المستر أترسون: «غير معقول!»,«عجبًا عجبًا!» قال السيد أترسون.,22.27,0.8035
"“I see you feel as I do,” said Mr. Enfield. “Yes, it’s a bad story. For my man was a fellow that nobody could have to do with, a really damnable man; and the person that drew the cheque is the very pink of the proprieties, celebrated too, and (what makes it worse) one of your fellows who do what they call good. Blackmail, I suppose; an honest man paying through the nose for some of the capers of his youth. Black Mail House is what I call the place with the door, in consequence. Though even that, you know, is far from explaining all,” he added, and with the words fell into a vein of musing.",وقال مستر إنفليد: «أرى أنك تشاركني إحساسي، وأوافقك على أنها قصة رديئة؛ فإن الشخص الذي أتحدث عنه لم يكن أحدٌ يحبُّ التعامل معه؛ رجلٌ لعينٌ حقًّا. وأما الاسم الموقَّع على الشيك المصرفي؛ فكان مثال الخُلق القويم، ذائع الصيت أيضًا، وكان من الذين يعلمون ما يسمُّونه بالخير والإحسان. قلتُ في نفسي: لا بدَّ أنه ابتزاز، ما دام لدينا رجلٌ شريفٌ يتكبَّد أموالًا طائلةً في مقابل التكتُّم على بعض زلات شبابه.» ولذلك أطلقتُ على هذا المنزل اسم بيت الابتزاز بسبب ذلك. ولكن ذلك نفسه — بالمناسبة — أبعد ما يكون عن تفسير كل ما جرى. وبعد ذلك خَلَد إنفليد إلى الصمت والتفكير فيما قاله.,«أرى أنك تشعر بما أشعر به،» قال السيد إنفيلد. «أجل، إنها قصة بغيضة. فقد كان رجلي شخصًا لا يطيق أحدٌ معاملته، رجلًا ملعونًا حقًّا؛ أما مَن حرَّر الشيك فهو قمة الوقار واللياقة، بل ذائع الصيت أيضًا، و(هذا ما يزيد الأمر سوءًا) واحدٌ من أولئك القوم الذين يصنعون ما يسمّونه الخير. ابتزازٌ، على ما أظن؛ رجلٌ شريف يدفع الثمن غاليًا عن بعض نزوات شبابه. ولذلك صرتُ أسمّي ذلك المكان ذا الباب: «بيت الابتزاز». غير أن ذلك، كما تعلم، أبعد ما يكون عن تفسير كل شيء،» أضاف، ثم استغرق مع كلماته في شرود التأمل.,29.8,0.8399
From this he was recalled by Mr. Utterson asking rather suddenly: “And you don’t know if the drawer of the cheque lives there?”,واستدعاه من تيار تفكيره مستر أترسون بأن سأله بغتة: «وأنت لا تعلم إن كان صاحب التوقيع على الشيك يقيم في ذلك البيت؟»,وانتشله من ذلك السيد أترسون بسؤالٍ مفاجئ: «وألا تعلم إن كان مُحرِّر الشيك يقيم هناك؟»,32.61,0.7671
"“A likely place, isn’t it?” returned Mr. Enfield. “But I happen to have noticed his address; he lives in some square or other.”",وردَّ مستر إنفليد قائلًا: «هل ترى ذلك محتمَلًا؟ لكنني تصادف أن لاحظتُ عنوان مسكنه، فهو يقيم في ميدانٍ ما.»,«مكانٌ يليق بذلك، أليس كذلك؟» ردَّ السيد إنفيلد. «لكن حدث أنني لاحظتُ عنوانه؛ إنه يقيم في ميدانٍ ما.»,32.64,0.7797
“And you never asked about the—place with the door?” said Mr. Utterson.,وقال مستر «أترسون»: «ولم تسأل قَط عن اﻟ… البيت الذي وصفتَ بابه؟»,«وألم تسأل قط عن ذلك... المكان ذي الباب؟» قال السيد أترسون.,23.76,0.7732
"“No, sir; I had a delicacy,” was the reply. “I feel very strongly about putting questions; it partakes too much of the style of the day of judgment. You start a question, and it’s like starting a stone. You sit quietly on the top of a hill; and away the stone goes, starting others; and presently some bland old bird (the last you would have thought of) is knocked on the head in his own back garden and the family have to change their name. No sir, I make it a rule of mine: the more it looks like Queer Street, the less I ask.”",وأجاب إنفيلد قائلًا: «كلَّا! أحسستُ بالحرج يا سيدي. فأنا أعارض طرح الأسئلة معارضةً شديدةً، فذلك يشبه يوم الحساب إلى حدٍّ بعيد؛ إذ إن إلقاء سؤالٍ يشبه دحرجة حَجرٍ من الأحجار برِجْلك وأنت جالسٌ في هدوء على قمَّة تلٍّ، فإذا به قد جَرَف أحجارًا أخرى، وسرعان ما يسقط أحدها على رأس رجلٍ عجوزٍ لطيفٍ (وهو آخر ما جال بخاطرك) وهو يجلس مطمئنًا في حديقة منزله الخلفية؛ الأمر الذي يُرغم الأسرة على تغيير اسمها. لا يا سيدي! لقد وضعتُ لنفسي قاعدةً ثابتةً، وهي كلما بدتْ في الأمر ورطةٌ ماليةٌ أقللتُ من طرح الأسئلة.»,«لا يا سيدي؛ كان لديَّ من اللباقة ما يردعني،» كان ذلك جوابه. «إني أنفر أشدَّ النفور من طرح الأسئلة؛ ففي الأمر الكثير من طابع يوم الحساب. تُطلق سؤالًا، فيكون كمن يُطلق حجرًا يتدحرج. تجلس هادئًا في قمة تلٍّ؛ وإذا بالحجر ينطلق فيُطلق غيره؛ وسرعان ما يتلقّى عجوزٌ وديع (آخر من كان يخطر ببالك) ضربةً على رأسه في حديقة داره الخلفية، فيضطر أهله إلى تغيير اسمهم. لا يا سيدي، لقد جعلتُ لنفسي قاعدة: كلما بدا الأمر أدعى للريبة والمتاعب، قلَّ ما أسأل.»,29.9,0.7952
"“A very good rule, too,” said the lawyer.",وقال المحامي: «وهي لا شك قاعدةٌ ممتازة.»,«قاعدةٌ حسنة جدًّا حقًّا،» قال المحامي.,29.64,0.9224
"“But I have studied the place for myself,” continued Mr. Enfield. “It seems scarcely a house. There is no other door, and nobody goes in or out of that one but, once in a great while, the gentleman of my adventure. There are three windows looking on the court on the first floor; none below; the windows are always shut but they’re clean. And then there is a chimney which is generally smoking; so somebody must live there. And yet it’s not so sure; for the buildings are so packed together about the court, that it’s hard to say where one ends and another begins.”",واستأنف مستر إنفليد حديثه قائلًا: «لكنني قمتُ بنفسي بدراسة ذلك المكان، لا يكاد يبدو منزلًا بالمعنى المفهوم؛ فليس له باب آخر، ولا يدخل أو يخرج منه أحدٌ إلا الرجل الذي ذكرتُه في تلك المغامرة، وذلك على فترات متباعدة. وللمبنى ثلاث نوافذ تطلُّ على الساحة في الطابق الأول، ولا توجد نوافذ تحتها، وهي دائمًا مغلَقة، لكنها نظيفة. وللمبنى مدخنة يخرج منها الدخان عادة، وهكذا لا بدَّ أنَّ بالمبنى مَن يقيم فيه. ومع هذا فليس ذلك مقطوعًا به؛ لأن المباني من حوله متلاصقةٌ إلى الحدِّ الذي يعسُر فيه البتُّ في موقع انتهاء أحدها وابتداء آخر.»,«لكنني درستُ المكان بنفسي،» تابع السيد إنفيلد. «يكاد لا يبدو بيتًا. ليس ثمة بابٌ آخر، ولا يدخل من ذلك الباب أو يخرج منه أحدٌ سوى ذلك الرجل صاحب مغامرتي، بين الحين والحين الطويل. ثلاث نوافذ تطل على الفناء في الطابق الأول؛ ولا شيء تحتها؛ والنوافذ مغلقة على الدوام، لكنها نظيفة. ثم هناك مدخنةٌ تُصعِّد الدخان عادةً؛ فلا بد إذن أن أحدًا يقطن هناك. ومع ذلك، فالأمر ليس بهذا اليقين؛ إذ إن المباني متلاصقة حول الفناء تلاصقًا يصعب معه أن تقول أين ينتهي واحدٌ وأين يبدأ آخر.»,32.98,0.8474
"The pair walked on again for a while in silence; and then “Enfield,” said Mr. Utterson, “that’s a good rule of yours.”",وعاد الرجلان إلى السير في صمت بُرهةً من الوقت قبل أن يقول مستر أترسون: «قاعدة ممتازة يا إنفيلد.»,مضى الرجلان يسيران من جديد برهةً في صمت؛ ثم قال السيد أترسون: «إنفيلد، إنها لقاعدةٌ حسنة تلك التي تتبعها.»,30.68,0.8258
"“Yes, I think it is,” returned Enfield.",وردَّ إنفليد قائلًا: «نعم؛ أظنُّها كذلك.»,«أجل، أظنها كذلك،» ردَّ إنفيلد.,16.96,0.8419
"“But for all that,” continued the lawyer, “there’s one point I want to ask. I want to ask the name of that man who walked over the child.”",فواصل المحامي حديثه قائلًا: «ومع ذلك فإنني أريد أن أسأل سؤالًا واحدًا: ما اسم الرجل الذي داس الطفل؟»,«ومع ذلك كلِّه» — تابع المحامي — «ثمة نقطة واحدة أودّ أن أسأل عنها. أودّ أن أسأل عن اسم ذلك الرجل الذي داس الطفلة.»,37.25,0.8811
"“Well,” said Mr. Enfield, “I can’t see what harm it would do. It was a man of the name of Hyde.”",وردَّ مستر إنفليد قائلًا: «الواقع أني لا أرى بأسًا من الإجابة: كان رجلًا يُدعى هايد.»,«حسنًا» — قال السيد إنفيلد — «لا أرى ضيرًا يقع من ذلك. كان رجلًا يُدعى هايد.»,35.13,0.8912
"“Hm,” said Mr. Utterson. “What sort of a man is he to see?”",وغمغم مستر أترسون، ثم قال: «وكيف بدا لعينيك؟»,«هم» — قال السيد أترسون. «وأيُّ رجلٍ هو في مرآه؟»,16.69,0.6139
"“He is not easy to describe. There is something wrong with his appearance; something displeasing, something down-right detestable. I never saw a man I so disliked, and yet I scarce know why. He must be deformed somewhere; he gives a strong feeling of deformity, although I couldn’t specify the point. He’s an extraordinary looking man, and yet I really can name nothing out of the way. No, sir; I can make no hand of it; I can’t describe him. And it’s not want of memory; for I declare I can see him this moment.”",«ليس من اليسير وصْفُه. منظره فيه خللٌ، فيه ما ينفِّرك منه، بل ويجعلك حقًّا تكرهه. لم أرَ في حياتي رجلًا أبغضه إلى هذا الحدِّ، وإن لم أكن أدري لذلك سببًا. لا بدَّ أنَّ به تشوُّهًا في مكانٍ ما؛ إذ تحسُّ فيه بالتشوُّه الشديد، على الرغم من استحالة إيضاح مصدر إحساسي. منظره شاذٌّ وإن لم أكن أستطيع حقًّا تحديد موقع الشذوذ. لا يا سيدي! لن أجازف! لا أستطيع وصْفَه. ولكن ذلك لا يرجع إلى ضعف ذاكرتي؛ فإنني أستطيع أن أراه ماثلًا في هذه اللحظة.»,«ليس من اليسير وصفه. في مظهره خللٌ ما؛ شيءٌ يبعث على الاستياء، شيءٌ مقيتٌ كلَّ المقت. ما رأيت قطُّ رجلًا كرهته كما كرهت هذا، ومع ذلك بالكاد أدري لِمَ. لا بدّ أنّ فيه تشوّهًا في موضعٍ ما؛ فهو يبعث إحساسًا قويًّا بالتشوّه، وإن عجزتُ عن تحديد موضعه. إنه رجلٌ غريب المظهر، ومع ذلك لا أقدر حقًّا أن أُسمّي فيه شيئًا واحدًا شاذًّا. كلا يا سيدي؛ لا أُحسن التعبير عن ذلك؛ لا أقوى على وصفه. وليس ذلك لقصورٍ في الذاكرة؛ فإني أُقسم أني أراه ماثلًا أمامي في هذه اللحظة.»,31.39,0.8778
Mr. Utterson again walked some way in silence and obviously under a weight of consideration. “You are sure he used a key?” he inquired at last.,وعاد مستر أترسون مرةً أخرى إلى السير في صمتٍ وقد أثقَلَه بوضوحٍ تقليب الأمر على وجوهه، ثم قال أخيرًا: «أنت واثقٌ أنه استعمل مفتاحًا؟»,ومضى السيد أترسون مسافةً أخرى في صمتٍ، وقد بدا عليه أنه يرزح تحت ثقلٍ من التفكير. «أواثقٌ أنت أنه استعمل مفتاحًا؟» سأل أخيرًا.,37.5,0.8485
"“My dear sir...” began Enfield, surprised out of himself.",وأخرجت المفاجأةُ إنفليد عن طوره؛ فَصَاحَ: «يا سيدي العزيز …»,«سيدي العزيز...» بدأ إنفيلد، وقد أخرجته المفاجأة عن طوره.,33.43,0.8034
"“Yes, I know,” said Utterson; “I know it must seem strange. The fact is, if I do not ask you the name of the other party, it is because I know it already. You see, Richard, your tale has gone home. If you have been inexact in any point you had better correct it.”",فقال أترسون: «نعم .. نعم؛ أعرف! لا بدَّ أنَّ الأمر يبدو غريبًا لك. والواقع أنني لم أسأل عن اسم الطرف الآخر؛ لأنني أعرفه بالفعل. فكما ترى يا ريتشارد؛ لقد مسَّت قصتك قلبي، فإن لم تكن قد راعيتَ الدِّقة فيما سألتُك عنه؛ فالأفضل تصحيح ما قلتَ.»,«نعم، أعلم» — قال أترسون — «أعلم أن الأمر لا بدّ أن يبدو غريبًا. والحقيقة أني إن لم أسألك عن اسم الطرف الآخر، فلأني أعرفه سلفًا. أتدري يا ريتشارد، إن حكايتك قد بلغت الصميم. فإن كنت قد جانبتَ الدقة في أيّ نقطة، فخيرٌ لك أن تصحّحها.»,33.47,0.8622
"“I think you might have warned me,” returned the other with a touch of sullenness. “But I have been pedantically exact, as you call it. The fellow had a key; and what’s more, he has it still. I saw him use it not a week ago.”",وقال الآخر بنبرةٍ لم تَخلُ من الامتعاض: «ليتك نبَّهتني، ولكنني راعيتُ الدِّقة إلى أقصى حدٍّ، إذا استعملتُ تعبيرك. كان مع صاحبنا مفتاح، بل لا يزال معه. وقد رأيتُه يستخدمه منذ أقلَّ من أسبوع.»,«أظنّ أنه كان بوسعك أن تحذّرني» — ردّ الآخر بمسحةٍ من العبوس. «لكني توخّيت الدقة المتزمّتة، كما تسمّيها. كان لدى الرجل مفتاح؛ بل الأدهى أنه ما زال بحوزته إلى الآن. رأيته يستعمله منذ أقلَّ من أسبوع.»,25.57,0.8319
"Mr. Utterson sighed deeply but said never a word; and the young man presently resumed. “Here is another lesson to say nothing,” said he. “I am ashamed of my long tongue. Let us make a bargain never to refer to this again.”",وندَّت عن مستر أترسون آهةٌ عميقةٌ، ولكنه لم ينطق بكلمة، فاستأنف الشابُّ حديثه قائلًا: «لقد تلقَّيت الآن درسًا في فائدة الكتمان! وأشعر بالخجل من طول لساني! فَلْنتعاهد على ألَّا نشير إلى هذا الموضوع مرةً أخرى.»,تنهّد السيد أترسون تنهيدةً عميقة، لكنه لم ينبس بكلمة؛ وما لبث الشاب أن استأنف حديثه. «إليك درسًا آخر في لزوم الصمت» — قال. «إني لأخجل من طول لساني. فلنتعاهد ألّا نعود إلى ذكر هذا الأمر أبدًا.»,28.7,0.8682
